"ID","Description","GeneRatio","BgRatio","RichFactor","FoldEnrichment","zScore","pvalue","p.adjust","qvalue","geneID","Count"
"GO:0016197","endosomal transport","62/2141","178/18773",0.348314606741573,3.05413830563267,9.87945436446829,1.3255913407839e-16,3.89193617654153e-13,3.44235140811987e-13,"vps26b/ezrb/zgc:153184/washc2c/snx7/ankfy1/coro1ca/vps25/chmp1b/snx8a/vps28/chmp5b/tbc1d10aa/rab11a/ap5m1/snx17/bloc1s1/gripap1/bloc1s2/tbc1d5/rab7a/itsn1/vps35l/chmp2bb/vti1a/arl1/itsn2b/tmem50a/plekha3/vcp/stam/arhgap1/vps35/vti1b/vps4a/vps4b/ap5s1/wash1/ptpn23b/snx5/chmp7/zfyve16/snx12/chmp2a/rab11fip3/snx1a/eps15/hgs/nf2b/vps36/snx3/snx27b/scrib/mvb12a/ap3d1/wdr81/rab8b/rab8a/zfyve9a/map2k2b/dennd10/vps16",62
"GO:0048193","Golgi vesicle transport","62/2141","186/18773",0.333333333333333,2.92277751829363,9.45523280598838,1.45212217617474e-15,2.13171535462452e-12,1.88546600453846e-12,"kdelr2a/copa/lman2/ankfy1/ergic3/tmed3/tmed2/snx8a/gosr2/copg2/bcap31/ap1ar/tfg/tmed10/nbas/lman1/yipf6/trappc2l/tmed7/vti1a/cog2/kdelr3/llgl2/golga5/arcn1b/blzf1/ap3s2/cog8/rabggtb/rer1/trappc2/arcn1a/pef1/vti1b/cope/stx5a/creb3l2/rabggta/exoc6/copz2/uso1/copb2/scfd1/trappc5/gosr1/ergic2/stx18/snx12/snx1a/snx3/sec24b/ap3d1/yipf4/copb1/mia3/cnstb/golga4/dop1b/exoc8/tex261/cog4/exoc2",62
"GO:0006886","intracellular protein transport","93/2141","388/18773",0.239690721649485,2.10168795774207,7.86745044796845,1.63990499331021e-12,1.60492035345292e-09,1.41952477841975e-09,"vps26b/tram1/kpna4/copa/vps25/tmed3/rab32a/tmed2/nup50/snx8a/vps28/copg2/snx11/arf1/bcap31/ap3b1a/rab11a/cltca/chm/xpo7/ap1s2/snx17/gripap1/tmed10/tomm22/timm13/tomm20a/arf5/tmed7/vti1a/arl1/sh3tc2/kpna3/sec61b/vps18/ap3s2/vcp/stam/clta/rabl3/rab18a/rab43/vps8/vps35/agk/vti1b/srp54/stx5a/oaz1a/stxbp2/exoc6/nkd1/vps37c/kif13a/copz2/uso1/copb2/scfd1/ptpn23b/rab5ab/vps33b/stx18/dnajc27/gnptab/vps26c/sytl1/vps36/rab18b/rilpl2/pex10/snx27b/rab3aa/os9/cltb/rab1ba/scrib/sec24b/ap3d1/arf2a/tomm70a/copb1/pttg1ipb/si:ch211-266g18.9/zgc:113278/nup35/ap3m1/napaa/vps37a/fam91a1/pex3/nup107/arl4d/vps16",93
"GO:0034976","response to endoplasmic reticulum stress","46/2141","135/18773",0.340740740740741,2.98772812981127,8.3160211001143,2.69482028461777e-12,1.97799808890944e-09,1.74950569530317e-09,"hspa5/hsp90b1/calr3b/calr/canx/p4hb/ufc1/pdia6/atf6/pdia4/calr3a/atf4a/usp19/herpud2/ppp1r15a/rnf121/pdia3/ufm1/tmtc4/vcp/eif2ak3/jkamp/ddrgk1/derl1/creb3l2/serp1/ufd1l/bag6l/parp16/usp14/tmub1/uggt1/sigmar1/nck1a/ube2g2/ube4b/ptpn1/os9/sel1l/trappc11/mia3/edem1/psmc6/ern1/clgn/parp6b",46
"GO:0033365","protein localization to organelle","84/2141","342/18773",0.245614035087719,2.15362553979531,7.7249350018958,5.04161707900603e-12,2.68818327508272e-09,2.37765242350102e-09,"ezrb/tram1/spcs3/kpna4/insig1/zgc:153184/ssr3/washc2c/kdelr2a/vps25/nup50/vps28/wdr83os/bcap31/timm17a/lmnb2/spcs2/emc3/timm13/hspd1/sgta/vrk1/arl1/dclk2a/lmnl3/kpna3/kdelr3/lmbrd1/zfand6/sec61b/ccdc47/emc10/glmp/vcp/rer1/stam/lmnb1/get1/emc2/vps8/get4/agk/ddrgk1/srp54/tomm40l/nkd1/nipblb/vps37c/ptpn23b/gas8/entr1/tasorb/mapre1a/bag6l/myo7aa/emc6/dnajc15/gnptab/rab11fip3/tomm34/dnajc19/kdelr2b/grpel1/nf2b/vps36/nipbla/mmgt1/pex10/sgtb/lamtor4/srp19/scrib/ap3d1/tomm70a/pttg1ipb/rab3gap2/zgc:113278/nup35/vps37a/efcab7/pex3/nup107/tomm5/srp72",84
"GO:0043632","modification-dependent macromolecule catabolic process","98/2141","426/18773",0.230046948356808,2.017128146428,7.61884800947588,5.49356255125895e-12,2.68818327508272e-09,2.37765242350102e-09,"uchl3/trib3/cul3a/vps25/fbxo9/vps28/dis3l2/psmc4/edn1/nedd8l/rnf111/rnf144ab/fbxl14a/hectd1/mylipa/ubb/maea/ccdc22/klhl4/ube2a/psma8/fzr1b/psmc2/tnfaip1/psmc1b/ankib1a/vcp/stam/rnf145b/ubr4/rad23aa/ube2d2l/psmb5/rnf213a/trip12/ufd1l/kbtbd2/vps37c/spsb3a/psma5/trim3b/otud7b/ube2al/fem1c/rnf146/psmd8/cul3b/gid8b/nub1/psmd14/klhl20/ptpn23b/zgc:66427/wwp2/cul4b/ubqln4/armc8/bag6l/axin2/usp14/cop1/nedd4l/shrprbck1r/ndfip1l/psmd4b/psma6b/psmd3/vps36/ube4b/hectd3/ube2l3b/itchb/fbxo11a/ddb1/fbxl7/trim71/psmc1a/psma4/wdr81/cdc27/rnf11b/nsfl1c/kctd10/psmc3/psma3/znrf2a/keap1a/anapc10/rnf6/psmc6/klhl22/rnf144b/vps37a/eloca/agap3/psmb7/rnf144aa/rnf14",98
"GO:0019941","modification-dependent protein catabolic process","97/2141","424/18773",0.22877358490566,2.00596287222511,7.51709516597924,9.90366859480268e-12,4.1538815706201e-09,3.67403765765086e-09,"uchl3/trib3/cul3a/vps25/fbxo9/vps28/psmc4/edn1/nedd8l/rnf111/rnf144ab/fbxl14a/hectd1/mylipa/ubb/maea/ccdc22/klhl4/ube2a/psma8/fzr1b/psmc2/tnfaip1/psmc1b/ankib1a/vcp/stam/rnf145b/ubr4/rad23aa/ube2d2l/psmb5/rnf213a/trip12/ufd1l/kbtbd2/vps37c/spsb3a/psma5/trim3b/otud7b/ube2al/fem1c/rnf146/psmd8/cul3b/gid8b/nub1/psmd14/klhl20/ptpn23b/zgc:66427/wwp2/cul4b/ubqln4/armc8/bag6l/axin2/usp14/cop1/nedd4l/shrprbck1r/ndfip1l/psmd4b/psma6b/psmd3/vps36/ube4b/hectd3/ube2l3b/itchb/fbxo11a/ddb1/fbxl7/trim71/psmc1a/psma4/wdr81/cdc27/rnf11b/nsfl1c/kctd10/psmc3/psma3/znrf2a/keap1a/anapc10/rnf6/psmc6/klhl22/rnf144b/vps37a/eloca/agap3/psmb7/rnf144aa/rnf14",97
"GO:0006511","ubiquitin-dependent protein catabolic process","95/2141","414/18773",0.229468599033816,2.01205698723112,7.4708840393626,1.35415441255101e-11,4.96974669406219e-09,4.39565649442544e-09,"uchl3/trib3/cul3a/vps25/fbxo9/vps28/psmc4/edn1/rnf111/rnf144ab/fbxl14a/hectd1/mylipa/maea/ccdc22/klhl4/ube2a/psma8/fzr1b/psmc2/tnfaip1/psmc1b/ankib1a/vcp/stam/rnf145b/ubr4/rad23aa/ube2d2l/psmb5/rnf213a/trip12/ufd1l/kbtbd2/vps37c/spsb3a/psma5/trim3b/otud7b/ube2al/fem1c/rnf146/psmd8/cul3b/gid8b/nub1/psmd14/klhl20/ptpn23b/zgc:66427/wwp2/cul4b/ubqln4/armc8/bag6l/axin2/usp14/cop1/nedd4l/shrprbck1r/ndfip1l/psmd4b/psma6b/psmd3/vps36/ube4b/hectd3/ube2l3b/itchb/fbxo11a/ddb1/fbxl7/trim71/psmc1a/psma4/wdr81/cdc27/rnf11b/nsfl1c/kctd10/psmc3/psma3/znrf2a/keap1a/anapc10/rnf6/psmc6/klhl22/rnf144b/vps37a/eloca/agap3/psmb7/rnf144aa/rnf14",95
"GO:0006457","protein folding","47/2141","156/18773",0.301282051282051,2.64174121845771,7.38760250724556,2.00807770306947e-10,6.55079570690219e-08,5.79406747774549e-08,"hspa5/hsp90b1/dnajb11/calr3b/calr/canx/p4hb/hsp90aa1.2/ptges3b/erp44/pdia4/hspe1/dnajc3a/tbcb/st13/calr3a/ppid/ppig/hspd1/fkbp11/dnajc3b/hspa4b/ppih/pdia3/fkbp16/pdia5/nudc/clpxa/dnaja1/ero1b/hspa9/nudcd3/hspa14/cwc27/tbca/grpel1/ppifb/dnajb12a/ppil2/ttc4/hspa13/zgc:122979/hspa4a/cdc37l1/tor2a/clgn/dnajb2",47
"GO:0006888","endoplasmic reticulum to Golgi vesicle-mediated transport","33/2141","89/18773",0.370786516853933,3.25117948664123,7.63768187157301,2.5670008761988e-10,7.53671457251969e-08,6.66609595956047e-08,"copa/lman2/ergic3/tmed3/tmed2/copg2/bcap31/tfg/tmed10/lman1/yipf6/trappc2l/tmed7/arcn1b/rabggtb/trappc2/arcn1a/pef1/cope/stx5a/creb3l2/rabggta/uso1/copb2/scfd1/trappc5/gosr1/ergic2/sec24b/yipf4/copb1/mia3/tex261",33
"GO:0010498","proteasomal protein catabolic process","78/2141","333/18773",0.234234234234234,2.05384366150363,6.96160237952343,3.31535527912426e-10,8.84898463591713e-08,7.82677652976035e-08,"hspa5/hsp90b1/calr3b/calr/canx/trib3/fbxo9/ddi2/psmc4/edn1/fbxl14a/calr3a/hectd1/usp19/maea/klhl4/rnf121/ube2a/psma8/fzr1b/psmc2/tnfaip1/psmc1b/vcp/jkamp/rnf145b/rad23aa/psmb5/derl1/ufd1l/rhbdf1a/kbtbd2/spsb3a/psma5/trim3b/ube2al/fem1c/psmd8/gid8b/psmd14/klhl20/zgc:66427/wwp2/armc8/bag6l/axin2/usp14/cop1/shrprbck1r/psmd4b/tmub1/uggt1/psma6b/ube2g2/ube4b/hectd3/itchb/ddb1/os9/fbxl7/trim71/sel1l/psmc1a/psma4/cdc27/nsfl1c/kctd10/psmc3/psma3/znrf2a/keap1a/anapc10/edem1/psmc6/klhl22/clgn/agap3/psmb7",78
"GO:0007034","vacuolar transport","35/2141","103/18773",0.339805825242718,2.9795304798139,7.22769828268384,1.16757849196715e-09,2.85667537701295e-07,2.52668082428329e-07,"arl8ba/ankfy1/vps25/chmp1b/vps28/atp6v0d1/chmp5b/rab7a/chmp2bb/vti1a/tmem50a/uevld/vps18/ap3s2/vcp/stam/mcoln1a/vps8/vti1b/vps37c/ptpn23b/ndfip1l/chmp7/sybl1/chmp2a/gnptab/vps36/plekhf2/zgc:100918/mvb12a/ap3d1/pikfyve/igf2r/mgrn1a/vps37a",35
"GO:0051604","protein maturation","80/2141","355/18773",0.225352112676056,1.97596226588865,6.66066110249216,1.37898165954948e-09,3.11437704033636e-07,2.75461356607981e-07,"hspa5/hsp90b1/dnajb11/calr3b/calr/canx/p4hb/hsp90aa1.2/spcs3/dpm1/ptges3b/erp44/atg4da/f13a1b/ciao2a/ddi2/pdia4/hspe1/dnajc3a/lgmn/spcs2/tbcb/st13/calr3a/ppid/ppig/sec11a/hspd1/fkbp11/dnajc3b/ciao2b/furina/zmpste24/lmf2b/hspa4b/naa20/ppih/pdia3/fkbp16/pigp/dpm2/tll1/pdia5/nudc/tmem208/pigc/atg4b/clpxa/pcsk7/dnaja1/psen2/ero1b/hspa9/nudcd3/hspa14/cwc27/naa35/chac1/pmm2/tbca/grpel1/isca1/ppifb/pigo/pigs/dnajb12a/ppil2/ttc4/hspa13/zgc:122979/bola3/hspa4a/zgc:110329/cdc37l1/fnta/tor2a/clgn/dnajb2/zgc:114200/atg4c",80
"GO:0006487","protein N-linked glycosylation","22/2141","49/18773",0.448979591836735,3.93680237157918,7.38524341792264,3.73931159619299e-09,7.84187060458759e-07,6.93600128406625e-07,"ddost/mgat5/dpm1/mogs/tmem258/krtcap2/alg12/si:ch73-91k6.2/mgat1b/rpn1/alg9/dad1/tmem165/rpn2/gfpt1/uggt1/pmm2/tusc3/dolpp1/zgc:92907/trappc11/alg6",22
"GO:0070972","protein localization to endoplasmic reticulum","19/2141","38/18773",0.5,4.38416627744045,7.49217669750846,4.63586029742517e-09,9.07392388882687e-07,8.02573147631431e-07,"tram1/spcs3/insig1/ssr3/kdelr2a/bcap31/spcs2/sgta/kdelr3/sec61b/rer1/ddrgk1/srp54/kdelr2b/sgtb/srp19/rab3gap2/zgc:113278/srp72",19
"GO:0007033","vacuole organization","36/2141","114/18773",0.31578947368421,2.76894712259397,6.79695606582765,6.44977437919405e-09,1.18353359858211e-06,1.04681535483367e-06,"rraga/atp6v0ca/rab32a/atg4da/atg3/tmem39a/atp2a2a/rab7a/atp6v1f/cln5/vps18/rab43/rb1cc1/si:ch211-260e23.9/atg4b/vps4a/vps4b/atp6v1e1b/zgc:92606/tmem251/emc6/atp2a2b/gnptab/ambra1b/vmp1/zgc:100918/rab1ba/pikfyve/snx4/nsfl1c/si:dkey-28b4.8/phf23b/wdr45b/atg4c/vps16/atg16l1",36
"GO:0010256","endomembrane system organization","65/2141","279/18773",0.232974910394265,2.0428014912805,6.29621698819791,1.21991026254207e-08,2.10685678283736e-06,1.86347902024228e-06,"tram1/dysf/coro1ca/tmed3/tmed2/gorasp2/pdcd10a/jagn1b/wdr83os/lmnb2/emc3/surf4l/tmed10/tmed7/vrk1/vti1a/arl1/lmnl3/atl3/ist1/cog2/tmem33/snap29/golga5/blzf1/ccdc47/emc10/vps18/plk3/mtss1/plekha3/lmnb1/get1/reep3a/emc2/dag1/get4/vti1b/golga2/plekhm2/uso1/copb2/bin2b/bag6l/chmp7/emc6/chmp2a/mmgt1/dtnbp1a/plekhf2/vmp1/vapb/trappc11/usp8/ap3d1/cdk5rap2/yipf4/nsfl1c/map2k2b/zgc:158689/zgc:113278/tjap1/cog4/arv1/lnpk",65
"GO:0006986","response to unfolded protein","22/2141","54/18773",0.407407407407407,3.57228363347,6.79150118021551,3.32688479560352e-08,5.42651875549551e-06,4.7996636203239e-06,"hspa5/atf6/dnajc3a/atf4a/herpud2/hspd1/tmtc4/eif2ak3/jkamp/ddrgk1/derl1/creb3l2/serp1/parp16/chac1/nck1a/ptpn1/vapb/os9/edem1/ern1/parp6b",22
"GO:0016071","mRNA metabolic process","94/2141","474/18773",0.19831223628692,1.73886763746583,5.84565937210469,4.90330031237632e-08,7.20850423071974e-06,6.37579948988441e-06,"sf3b1/rida/igf2bp1/srrm1/rprd2b/edc3/cnot6a/dis3l2/hnrnpul1/prpf40a/rbm39b/rbm47/exosc8/hnrnpa0a/rbm4.2/zfp36l1a/nbas/srsf2a/upf1/srrm2/rbm25b/cpsf2/safb/dhx37/lsm7/cpsf1/sf3b2/ythdf1/snd1/zgc:77262/hnrnpl/syf2/prpf4ba/srsf1b/rprd1b/mettl14/parn/arglu1b/nsrp1/igf2bp3/rbm15/igf2bp2b/txnl4a/sf3a2/ythdf3/upf3b/dhx34/cnot10/patl1/srpk1b/prpf8/edc4/fip1l1b/snrpd1/cnot1/prpf19/nudt21/paxbp1/ddx23/thoc1/ptcd2/u2af2a/sde2/srsf7a/si:ch211-107m4.1/hnrnpa1a/srsf1a/tnrc6c2/usp39/prpf18/sf3a3/thoc6/cstf2/hnrpkl/khdc4/wdr83/tnrc6a/cnot6b/fastkd1/zrsr2/larp1b/znf326/u2af2b/prpf38b/rbm15b/papola/dicer1/syncrip/thoc7/snrpc/supv3l1/tent5ab/tfip11/rbm6",94
"GO:0090150","establishment of protein localization to membrane","38/2141","133/18773",0.285714285714286,2.50523787282311,6.25027853726442,5.17977815343834e-08,7.20850423071974e-06,6.37579948988441e-06,"tram1/ssr3/wdr83os/rab11a/gripap1/emc3/timm13/sgta/blzf1/sec61b/ccdc47/emc10/get1/emc2/get4/agk/zdhhc24/srp54/vps37c/bag6l/emc6/zdhhc12a/rilpl2/mmgt1/sgtb/srp19/scrib/tomm70a/zdhhc23b/rab8a/rab3gap2/zdhhc21/cnstb/zgc:113278/vps37a/pex3/atad1b/srp72",38
"GO:0006914","autophagy","56/2141","235/18773",0.238297872340426,2.08947499180141,6.02991411174299,5.40146774781452e-08,7.20850423071974e-06,6.37579948988441e-06,"ufc1/arl8ba/tex264a/snx7/rraga/atg4da/atg3/tmem39a/atp2a2a/hspd1/cisd2/dap/vti1a/ctns/ufm1/vcp/tmem208/wdr41/tmem59/mcoln1a/rab43/spns1/vti1b/ddrgk1/rb1cc1/si:ch211-260e23.9/atg4b/rnf213a/fnbp1l/psen2/zgc:92606/emc6/atp2a2b/dram2b/asah1b/ambra1b/retreg3/vmp1/tp53/sesn1/rab1ba/ap3d1/wdr81/snx4/stk35l/nsfl1c/si:dkey-28b4.8/rab3gap2/si:ch211-266g18.9/scocb/keap1a/depdc5/phf23b/wdr45b/atg4c/atg16l1",56
"GO:0061919","process utilizing autophagic mechanism","56/2141","235/18773",0.238297872340426,2.08947499180141,6.02991411174299,5.40146774781452e-08,7.20850423071974e-06,6.37579948988441e-06,"ufc1/arl8ba/tex264a/snx7/rraga/atg4da/atg3/tmem39a/atp2a2a/hspd1/cisd2/dap/vti1a/ctns/ufm1/vcp/tmem208/wdr41/tmem59/mcoln1a/rab43/spns1/vti1b/ddrgk1/rb1cc1/si:ch211-260e23.9/atg4b/rnf213a/fnbp1l/psen2/zgc:92606/emc6/atp2a2b/dram2b/asah1b/ambra1b/retreg3/vmp1/tp53/sesn1/rab1ba/ap3d1/wdr81/snx4/stk35l/nsfl1c/si:dkey-28b4.8/rab3gap2/si:ch211-266g18.9/scocb/keap1a/depdc5/phf23b/wdr45b/atg4c/atg16l1",56
"GO:0016236","macroautophagy","37/2141","129/18773",0.286821705426357,2.51494809713638,6.19461657478834,6.91952876155614e-08,8.83292888866471e-06,7.81257549416888e-06,"ufc1/arl8ba/tex264a/snx7/atg4da/atg3/tmem39a/atp2a2a/vti1a/ufm1/vcp/rab43/spns1/vti1b/ddrgk1/rb1cc1/si:ch211-260e23.9/atg4b/rnf213a/zgc:92606/emc6/atp2a2b/ambra1b/retreg3/vmp1/sesn1/rab1ba/wdr81/snx4/nsfl1c/si:dkey-28b4.8/rab3gap2/scocb/phf23b/wdr45b/atg4c/atg16l1",37
"GO:0007030","Golgi organization","26/2141","75/18773",0.346666666666667,3.03968861902538,6.35021303143111,9.81264462986081e-08,1.20041352638631e-05,1.06174536411696e-05,"tmed3/tmed2/gorasp2/pdcd10a/surf4l/tmed10/tmed7/vrk1/vti1a/arl1/cog2/golga5/blzf1/plk3/vti1b/golga2/plekhm2/uso1/vmp1/trappc11/cdk5rap2/yipf4/nsfl1c/map2k2b/tjap1/cog4",26
"GO:0071985","multivesicular body sorting pathway","15/2141","29/18773",0.517241379310345,4.5353444249384,6.83582537680658,1.1117881591091e-07,1.30568401405773e-05,1.15485532148301e-05,"vps25/chmp1b/vps28/chmp5b/chmp2bb/tmem50a/vcp/stam/pdcd6ip/ptpn23b/chmp7/chmp2a/vps36/mvb12a/dennd10",15
"GO:0035966","response to topologically incorrect protein","23/2141","62/18773",0.370967741935484,3.25276852842356,6.37463442823773,1.28766353148249e-07,1.45406928016638e-05,1.28609956767907e-05,"hspa5/atf6/dnajc3a/atf4a/herpud2/hspd1/tmtc4/eif2ak3/jkamp/ddrgk1/derl1/creb3l2/serp1/parp16/chac1/nck1a/ptpn1/vapb/os9/dnajb12a/edem1/ern1/parp6b",23
"GO:0051668","localization within membrane","68/2141","317/18773",0.214511041009464,1.88090414426467,5.67519595733181,1.7478822111146e-07,1.90066006364165e-05,1.6811015262455e-05,"tram1/atp6ap1b/ssr3/snx7/wdr83os/lmnb2/rab11a/snx17/gripap1/emc3/timm13/tm9sf3/vps35l/sgta/lmnl3/rnf121/llgl2/blzf1/sec61b/camk2g2/ccdc47/emc10/lmnb1/get1/emc2/arhgap1/dag1/get4/agk/vti1b/zdhhc24/srp54/exoc6/vps37c/gphna/wash1/ptpn23b/tm9sf4/bag6l/emc6/snx12/rab11fip3/hgs/zdhhc12a/rilpl2/snx3/mmgt1/snx27b/sgtb/srp19/agrn/scrib/rab8b/tomm70a/zdhhc23b/rab8a/rab3gap2/zdhhc21/cnstb/zgc:113278/exoc8/zgc:110329/vps37a/efcab7/pex3/exoc2/atad1b/srp72",68
"GO:0009894","regulation of catabolic process","65/2141","303/18773",0.214521452145215,1.88099543256521,5.54693263560611,3.23774520483373e-07,3.39500711478279e-05,3.00282609786647e-05,"trib3/igf2bp1/rraga/cnot6a/dis3l2/tmem39a/edn1/hnrnpa0a/zfp36l1a/nbas/hspd1/cisd2/dap/upf1/ccdc22/rnf121/etfa/fzr1b/oaz2a/ctns/vcp/wdr41/tmem59/ythdf1/ddrgk1/mettl14/psmd2/oaz1a/parn/rhbdf1a/igf2bp3/igf2bp2b/psen2/nub1/ythdf3/dhx34/bag6l/patl1/axin2/usp14/timp2a/cnot1/dram2b/psmd3/asah1b/ambra1b/tnrc6c2/sesn1/ap3d1/snx4/stk35l/tnrc6a/cnot6b/fastkd1/pnpla2/larp1b/scocb/keap1a/depdc5/phf23b/dicer1/syncrip/supv3l1/cpt1ab/tent5ab",65
"GO:0072594","establishment of protein localization to organelle","46/2141","189/18773",0.243386243386243,2.13409152129376,5.62212860168858,4.25558751937167e-07,4.30841550237076e-05,3.81072029411612e-05,"tram1/spcs3/kpna4/ssr3/vps25/nup50/vps28/timm17a/spcs2/timm13/hspd1/sgta/kpna3/zfand6/sec61b/stam/vps8/agk/srp54/tomm40l/nkd1/nipblb/vps37c/ptpn23b/dnajc15/gnptab/tomm34/dnajc19/grpel1/vps36/nipbla/pex10/sgtb/srp19/scrib/ap3d1/tomm70a/pttg1ipb/rab3gap2/zgc:113278/nup35/vps37a/pex3/nup107/tomm5/srp72",46
"GO:0032509","endosome transport via multivesicular body sorting pathway","14/2141","28/18773",0.5,4.38416627744045,6.42953189460147,5.10943593699857e-07,5.00043463700927e-05,4.42279945844754e-05,"vps25/chmp1b/vps28/chmp5b/chmp2bb/tmem50a/vcp/stam/ptpn23b/chmp7/chmp2a/vps36/mvb12a/dennd10",14
"GO:0006486","protein glycosylation","47/2141","198/18773",0.237373737373737,2.08137186908789,5.48825927198434,6.95713171142589e-07,6.38316834523325e-05,5.64580392502884e-05,"st6gal2a/nus1/ddost/mgat5/dpm1/mogs/tmem258/krtcap2/alg12/si:ch73-91k6.2/gxylt1b/mgat1b/rpn1/alg9/dpm2/dad1/fktn/tmtc4/large2/tmem165/b4galt6/slc35c1/rpn2/gfpt1/b3gat3/fut11/b3gnt2b/galnt1/st3gal5/gmppb/uggt1/pmm2/tusc3/stt3b/crppa/dolpp1/zgc:92907/b3galt2/trappc11/st3gal8/poc1bl/ostc/poglut1/fut9d/b3gnt7/alg6/gcnt4a",47
"GO:0043413","macromolecule glycosylation","47/2141","198/18773",0.237373737373737,2.08137186908789,5.48825927198434,6.95713171142589e-07,6.38316834523325e-05,5.64580392502884e-05,"st6gal2a/nus1/ddost/mgat5/dpm1/mogs/tmem258/krtcap2/alg12/si:ch73-91k6.2/gxylt1b/mgat1b/rpn1/alg9/dpm2/dad1/fktn/tmtc4/large2/tmem165/b4galt6/slc35c1/rpn2/gfpt1/b3gat3/fut11/b3gnt2b/galnt1/st3gal5/gmppb/uggt1/pmm2/tusc3/stt3b/crppa/dolpp1/zgc:92907/b3galt2/trappc11/st3gal8/poc1bl/ostc/poglut1/fut9d/b3gnt7/alg6/gcnt4a",47
"GO:0006891","intra-Golgi vesicle-mediated transport","13/2141","25/18773",0.52,4.55953292853807,6.38964772207165,7.34477110814067e-07,6.53462059803061e-05,5.77976086883031e-05,"copa/gosr2/copg2/vti1a/cog2/golga5/cog8/vti1b/cope/copz2/copb2/gosr1/copb1",13
"GO:0045048","protein insertion into ER membrane","12/2141","22/18773",0.545454545454545,4.78272684811685,6.36935526995654,1.011021068113e-06,8.7304642822934e-05,7.72194729112929e-05,"tram1/wdr83os/emc3/ccdc47/emc10/get1/emc2/get4/bag6l/emc6/mmgt1/zgc:113278",12
"GO:0006890","retrograde vesicle-mediated transport, Golgi to endoplasmic reticulum","15/2141","34/18773",0.441176470588235,3.86838200950628,6.00612838255015,1.52386559989883e-06,0.000127830554322942,0.000113063952930839,"kdelr2a/copa/ergic3/nbas/kdelr3/arcn1b/rer1/arcn1a/cope/copz2/copb2/scfd1/ergic2/stx18/cog4",15
"GO:0009100","glycoprotein metabolic process","60/2141","285/18773",0.210526315789474,1.84596474839598,5.16322556315933,1.74047554893945e-06,0.000141945450324617,0.000125548338574083,"st6gal2a/nus1/ddost/mgat5/dpm1/mogs/tmem258/krtcap2/alg12/si:ch73-91k6.2/gxylt1b/mgat1b/rpn1/oga/prkcsh/ndst1b/alg9/dpm2/dad1/fktn/tmtc4/large2/uxs1/tmem165/b4galt6/cant1a/slc35c1/rpn2/gfpt1/b3gat3/fut11/b3gnt2b/hs6st2/dse/galnt1/pxylp1/st3gal5/manba/gmppb/uggt1/pmm2/gnptab/tusc3/stt3b/crppa/dolpp1/zgc:92907/b3galt2/trappc11/st3gal8/hexa/poc1bl/ostc/poglut1/fut9d/b3gnt7/edem1/alg6/gcnt4a/cog4",60
"GO:0061024","membrane organization","74/2141","377/18773",0.196286472148541,1.72110506382278,5.0745658001738,1.91162782193795e-06,0.000151690250951617,0.00013416744912435,"tram1/arl8ba/dysf/coro1ca/gosr2/chmp5b/chchd6b/wdr83os/si:ch211-200p22.4/sptan1/lmnb2/picalma/emc3/tfg/tmem30aa/rab7a/timm13/vti1a/lmnl3/uvrag/tmem33/immt/snap29/plekha8/slc35f6/ccdc47/emc10/mtss1/chchd6a/lmnb1/get1/emc2/dag1/vps8/pef1/get4/agk/vti1b/stx5a/picalmb/gphna/apooa/uso1/bnip4/cplane2/bin2b/bag6l/gosr1/chmp7/emc6/sybl1/chmp2a/micu1/si:ch73-234b20.5/rilpl2/mmgt1/dnm2a/ppifb/zgc:100918/vapb/atp10a/sec24b/ap3d1/yipf4/tomm70a/pikfyve/nsfl1c/atp11a/si:ch211-266g18.9/zgc:158689/zgc:113278/chchd3a/arv1/sh3glb2b",74
"GO:0043161","proteasome-mediated ubiquitin-dependent protein catabolic process","57/2141","268/18773",0.212686567164179,1.86490655085153,5.1166228624533,2.2380053874793e-06,0.000169841351390454,0.00015022178900052,"trib3/fbxo9/psmc4/edn1/fbxl14a/hectd1/maea/klhl4/ube2a/psma8/fzr1b/psmc2/tnfaip1/psmc1b/vcp/rnf145b/rad23aa/psmb5/kbtbd2/spsb3a/psma5/trim3b/ube2al/fem1c/psmd8/gid8b/psmd14/klhl20/zgc:66427/wwp2/armc8/bag6l/axin2/usp14/cop1/shrprbck1r/psmd4b/psma6b/hectd3/itchb/ddb1/fbxl7/trim71/psmc1a/psma4/cdc27/nsfl1c/kctd10/psmc3/psma3/znrf2a/keap1a/anapc10/psmc6/klhl22/agap3/psmb7",57
"GO:0070085","glycosylation","48/2141","212/18773",0.226415094339623,1.98528284261454,5.17630113215428,2.25606699735276e-06,0.000169841351390454,0.00015022178900052,"st6gal2a/nus1/ddost/mgat5/dpm1/mogs/tmem258/krtcap2/alg12/si:ch73-91k6.2/gxylt1b/mgat1b/rpn1/alg9/dpm2/dad1/nansa/fktn/tmtc4/large2/tmem165/b4galt6/slc35c1/rpn2/gfpt1/b3gat3/fut11/b3gnt2b/galnt1/st3gal5/gmppb/uggt1/pmm2/tusc3/stt3b/crppa/dolpp1/zgc:92907/b3galt2/trappc11/st3gal8/poc1bl/ostc/poglut1/fut9d/b3gnt7/alg6/gcnt4a",48
"GO:0060341","regulation of cellular localization","32/2141","121/18773",0.264462809917355,2.31889786575363,5.22194767157658,3.62921191525411e-06,0.000266384154579652,0.000235612257761366,"ezrb/edn1/gripap1/vrk1/pxna/mcu/npc1/sh3tc2/camk2g2/vcp/arhgap1/mcoln1a/vti1b/uqcc2/ptk2aa/creb3l2/oaz1a/tax1bp3/plekhm2/nkd1/rhbdf1a/amotl2a/gas8/entr1/rab11fip3/nf2b/pard6gb/rabgap1l/map2k2b/cnstb/dennd10/efcab7",32
"GO:0006605","protein targeting","34/2141","133/18773",0.255639097744361,2.24152862305226,5.15526472338162,4.15219903782673e-06,0.0002973379603673,0.000262990372947845,"tram1/spcs3/ssr3/timm17a/spcs2/timm13/tomm20a/hspd1/sgta/zfand6/sec61b/vps8/agk/zdhhc24/srp54/tomm40l/vps37c/dnajc15/gnptab/tomm34/dnajc19/zdhhc12a/grpel1/hps4/sgtb/srp19/ap3d1/tomm70a/zdhhc23b/zdhhc21/zgc:113278/vps37a/tomm5/srp72",34
"GO:0007029","endoplasmic reticulum organization","19/2141","55/18773",0.345454545454545,3.02906033714067,5.40677071897564,5.41334438386932e-06,0.000378418550262865,0.000334704776817183,"tram1/jagn1b/wdr83os/emc3/atl3/tmem33/ccdc47/emc10/get1/reep3a/emc2/get4/copb2/bag6l/emc6/mmgt1/vapb/zgc:113278/lnpk",19
"GO:0009101","glycoprotein biosynthetic process","52/2141","245/18773",0.212244897959184,1.86103384838288,4.8672131294416,6.51591483630311e-06,0.00044490060370665,0.000393507023284205,"st6gal2a/nus1/ddost/mgat5/dpm1/mogs/tmem258/krtcap2/alg12/si:ch73-91k6.2/gxylt1b/mgat1b/rpn1/ndst1b/alg9/dpm2/dad1/fktn/tmtc4/large2/uxs1/tmem165/b4galt6/cant1a/slc35c1/rpn2/gfpt1/b3gat3/fut11/b3gnt2b/hs6st2/galnt1/pxylp1/st3gal5/gmppb/uggt1/pmm2/tusc3/stt3b/crppa/dolpp1/zgc:92907/b3galt2/trappc11/st3gal8/poc1bl/ostc/poglut1/fut9d/b3gnt7/alg6/gcnt4a",52
"GO:0036503","ERAD pathway","23/2141","76/18773",0.302631578947368,2.65357432581922,5.18245954943184,7.52525561531146e-06,0.000502139783785329,0.000444134105334291,"hspa5/hsp90b1/calr3b/calr/canx/calr3a/usp19/rnf121/vcp/jkamp/derl1/ufd1l/bag6l/usp14/tmub1/uggt1/ube2g2/ube4b/os9/sel1l/edem1/psmc6/clgn",23
"GO:0016482","cytosolic transport","21/2141","66/18773",0.318181818181818,2.78992399473483,5.22631826071845,7.78678396881102e-06,0.000508044394053981,0.000449356632773258,"vps26b/zgc:153184/washc2c/ankfy1/snx8a/tbc1d10aa/ap1ar/tbc1d5/vti1a/kif1b/arl1/plekha3/vps35/vti1b/wash1/snx5/snx12/snx1a/snx3/kif1aa/dop1b",21
"GO:0051205","protein insertion into membrane","12/2141","27/18773",0.444444444444444,3.89703669105818,5.40471676455163,1.57077609501464e-05,0.000981233747864465,0.000867884574781885,"tram1/wdr83os/emc3/ccdc47/emc10/get1/emc2/get4/bag6l/emc6/mmgt1/zgc:113278",12
"GO:0072599","establishment of protein localization to endoplasmic reticulum","12/2141","27/18773",0.444444444444444,3.89703669105818,5.40471676455163,1.57077609501464e-05,0.000981233747864465,0.000867884574781885,"tram1/spcs3/ssr3/spcs2/sgta/sec61b/srp54/sgtb/srp19/rab3gap2/zgc:113278/srp72",12
"GO:0016050","vesicle organization","43/2141","196/18773",0.219387755102041,1.92366479520346,4.66386536131673,1.70669884270301e-05,0.00104393079212001,0.000923339044944808,"atp6ap1b/arl8ba/coro1ca/rab32a/gosr2/atp6v0d1/chmp5b/snx11/si:ch211-200p22.4/atp6v1g1/bloc1s1/picalma/tfg/rab7a/vti1a/uvrag/ist1/snap29/vps18/plekha3/vps8/pef1/dmxl2/vti1b/stx5a/picalmb/uso1/cplane2/gosr1/chmp7/sybl1/hps4/si:ch73-234b20.5/dnm2a/dtnbp1a/plekhf2/zgc:100918/usp8/sec24b/ap3d1/yipf4/pikfyve/si:ch211-266g18.9",43
"GO:1902600","proton transmembrane transport","23/2141","80/18773",0.2875,2.52089560952826,4.89098425731306,1.91673721563142e-05,0.00114763949087304,0.00101506762655377,"atp6v1ba/atp6v0e1/atp5mc1/atp6v0ca/atp6v1ab/nnt/tcirg1b/atp6v0d1/atp6v1aa/atp6v1g1/atp6v1c1b/cox5ab/atp6v1h/nr3c1/atp5pf/atp6v1f/atp5mc3a/dmxl2/ndufs7/atp1a1a.1/atp6v1e1b/hvcn1/atp6v1c1a",23
"GO:0034620","cellular response to unfolded protein","16/2141","45/18773",0.355555555555556,3.11762935284654,5.10272158490537,1.9544269258737e-05,0.00114763949087304,0.00101506762655377,"hspa5/atf6/atf4a/herpud2/hspd1/tmtc4/ddrgk1/derl1/serp1/parp16/nck1a/ptpn1/os9/edem1/ern1/parp6b",16
"GO:0032880","regulation of protein localization","25/2141","93/18773",0.268817204301075,2.35707864378519,4.70705662355204,3.01384527702201e-05,0.00173502935947777,0.00153460398316064,"ezrb/edn1/gripap1/vrk1/pxna/mcu/sh3tc2/camk2g2/vcp/vti1b/uqcc2/ptk2aa/oaz1a/tax1bp3/plekhm2/nkd1/rhbdf1a/amotl2a/gas8/entr1/rab11fip3/nf2b/rabgap1l/cnstb/efcab7",25
"GO:0030968","endoplasmic reticulum unfolded protein response","15/2141","42/18773",0.357142857142857,3.13154734102889,4.96170013990879,3.3328112342842e-05,0.00188175649689585,0.00166438164270832,"hspa5/atf6/atf4a/herpud2/tmtc4/ddrgk1/derl1/serp1/parp16/nck1a/ptpn1/os9/edem1/ern1/parp6b",15
"GO:0070482","response to oxygen levels","23/2141","83/18773",0.27710843373494,2.42977890075013,4.68376015432696,3.66734494321237e-05,0.00203157070816444,0.00179688976661468,"hspa5/hyou1/hsp90b1/igfbp1a/atp6v0d1/atf6/nr3c1/npc1/egln2/hmox1a/camk2g2/eif2ak3/irs2a/arnt2/nrp1b/cpeb4a/ndufa9a/tp53/pgk1/ndrg1a/egln1b/ern1/vegfc",23
"GO:0000045","autophagosome assembly","21/2141","73/18773",0.287671232876712,2.5223970363356,4.6758430471697,4.31122675995084e-05,0.00234402995689179,0.002073254662144,"atg4da/atg3/tmem39a/atp2a2a/rab43/rb1cc1/si:ch211-260e23.9/atg4b/zgc:92606/emc6/atp2a2b/ambra1b/vmp1/rab1ba/snx4/nsfl1c/si:dkey-28b4.8/phf23b/wdr45b/atg4c/atg16l1",21
"GO:0045176","apical protein localization","8/2141","14/18773",0.571428571428571,5.01047574564623,5.38575308113436,4.49411237664787e-05,0.00239903889778876,0.00212190913553881,"atp6ap1b/atp6v0ca/atp6v0d1/atp6v1aa/atp6ap2/atp6v1f/vps18/pard6gb",8
"GO:0035967","cellular response to topologically incorrect protein","17/2141","53/18773",0.320754716981132,2.81248402703727,4.74078837057086,5.00036873291302e-05,0.00257562852628642,0.00227809966095963,"hspa5/atf6/atf4a/herpud2/hspd1/tmtc4/ddrgk1/derl1/serp1/parp16/nck1a/ptpn1/os9/dnajb12a/edem1/ern1/parp6b",17
"GO:0042147","retrograde transport, endosome to Golgi","17/2141","53/18773",0.320754716981132,2.81248402703727,4.74078837057086,5.00036873291302e-05,0.00257562852628642,0.00227809966095963,"vps26b/zgc:153184/washc2c/ankfy1/snx8a/tbc1d10aa/tbc1d5/vti1a/arl1/plekha3/vps35/vti1b/wash1/snx5/snx12/snx1a/snx3",17
"GO:1901137","carbohydrate derivative biosynthetic process","80/2141","455/18773",0.175824175824176,1.54168484481422,4.19666907260142,5.12607997003339e-05,0.00259485703310656,0.00229510694847049,"st6gal2a/nus1/ddost/mgat5/dpm1/atp5mc1/mogs/tmem258/krtcap2/adka/alg12/si:ch73-91k6.2/gxylt1b/mgat1b/rpn1/rrm2/atp5pf/adcy2b/npr1a/ugdh/tpi1a/ndst1b/alg9/atp5if1b/atp5mc3a/ada2a/pigp/dpm2/dad1/fktn/tmtc4/large2/uxs1/tmem165/b4galt6/dlst/cant1a/slc35c1/rpn2/uckl1b/gfpt1/pigc/b3gat3/atp5if1a/fut11/b3gnt2b/hs6st2/galnt1/pxylp1/adsl/st3gal5/ppat/gmppb/uggt1/pmm2/sccpdhb/tusc3/stt3b/crppa/dolpp1/pigo/zgc:92907/pigs/b3galt2/adcy7/trappc11/st3gal8/poc1bl/umps/ostc/kctd10/mpv17/poglut1/uap1/fut9d/b3gnt7/tpi1b/alg6/gcnt4a/ampd2a",80
"GO:1905037","autophagosome organization","21/2141","74/18773",0.283783783783784,2.48831058989863,4.60247681322509,5.37928957677212e-05,0.00267688037244118,0.00236765519819747,"atg4da/atg3/tmem39a/atp2a2a/rab43/rb1cc1/si:ch211-260e23.9/atg4b/zgc:92606/emc6/atp2a2b/ambra1b/vmp1/rab1ba/snx4/nsfl1c/si:dkey-28b4.8/phf23b/wdr45b/atg4c/atg16l1",21
"GO:0006091","generation of precursor metabolites and energy","50/2141","251/18773",0.199203187250996,1.74667979180894,4.27286022981468,5.67956918204703e-05,0.00277920251974835,0.00245815739861579,"aco2/sdhdb/ndufb8/nnt/ndufv1/atg3/sdhb/cox5ab/pgam1a/insra/sdhaf2/sdhc/tpi1a/cln5/pkma/atp5if1b/ogdha/ndufb3/gyg1a/cyc1/dlst/idh2/uqcc2/atp5if1a/ndufs7/ndufb9/rpe/idh3b/ppp1cab/uqcrfs1/idh1/pfkpa/sigmar1/gys1/ndufs4/gpia/eno1a/ndufv3/pgk1/ppp1r3da/fdx1/ndufb6/h6pd/pfklb/etfdh/tpi1b/wdr45b/pgls/tefm/bpgm",50
"GO:0001569","branching involved in blood vessel morphogenesis","9/2141","18/18773",0.5,4.38416627744045,5.15371952870031,5.94957006661046e-05,0.00286359634681448,0.00253280230445695,"sema3ab/tars1/hs6st2/ntn1a/sars1/dll4/nrarpa/vegfc/spns2",9
"GO:0036293","response to decreased oxygen levels","22/2141","80/18773",0.275,2.41129145259225,4.53851285641502,6.09908500561321e-05,0.00288821186717426,0.00255457431389606,"hspa5/hyou1/hsp90b1/igfbp1a/atf6/nr3c1/npc1/egln2/hmox1a/camk2g2/eif2ak3/irs2a/arnt2/nrp1b/cpeb4a/ndufa9a/tp53/pgk1/ndrg1a/egln1b/ern1/vegfc",22
"GO:0045047","protein targeting to ER","11/2141","26/18773",0.423076923076923,3.70967915783423,4.96055219230943,6.2294669829456e-05,0.00290312937490925,0.00256776859597774,"tram1/spcs3/ssr3/spcs2/sgta/sec61b/srp54/sgtb/srp19/zgc:113278/srp72",11
"GO:0032386","regulation of intracellular transport","13/2141","35/18773",0.371428571428571,3.25680923467005,4.79466891555481,6.93503367757682e-05,0.00318144669958837,0.00281393553989836,"ezrb/gripap1/npc1/sh3tc2/arhgap1/mcoln1a/creb3l2/oaz1a/nkd1/rab11fip3/nf2b/map2k2b/dennd10",13
"GO:0006397","mRNA processing","62/2141","334/18773",0.18562874251497,1.62765454611562,4.15256652127288,7.20182907914086e-05,0.0032530107963627,0.0028772327673264,"sf3b1/srrm1/rprd2b/hnrnpul1/prpf40a/rbm39b/rbm47/rbm4.2/srsf2a/srrm2/rbm25b/cpsf2/safb/dhx37/lsm7/sf3b2/zgc:77262/hnrnpl/syf2/prpf4ba/srsf1b/rprd1b/mettl14/arglu1b/nsrp1/rbm15/txnl4a/sf3a2/srpk1b/prpf8/fip1l1b/snrpd1/prpf19/nudt21/paxbp1/ddx23/thoc1/ptcd2/u2af2a/sde2/srsf7a/si:ch211-107m4.1/hnrnpa1a/srsf1a/usp39/prpf18/sf3a3/thoc6/cstf2/hnrpkl/khdc4/wdr83/zrsr2/znf326/u2af2b/prpf38b/rbm15b/papola/thoc7/snrpc/tfip11/rbm6",62
"GO:0007005","mitochondrion organization","45/2141","221/18773",0.203619909502262,1.78540708131059,4.21392643767416,7.60970128878247e-05,0.00338516408846444,0.00299412010836146,"cox17/rab5if/ndufb8/chchd6b/atg3/ndufaf3/timm13/hspd1/sdhaf2/immt/etfa/slc35f6/slc25a33/chchd7/chchd6a/adck1/dlst/agk/uqcc2/ndufs7/ndufaf2/slc25a36a/phb/apooa/chchd2/bnip4/baxb/letm2/ptcd2/micu1/ndufs5/ppifb/smim20/tomm70a/sdhaf4/si:ch211-166a6.5/mpv17/fis1/polg/chchd3a/cluha/ttc19/atpaf1/supv3l1/ndufaf5",45
"GO:0072657","protein localization to membrane","49/2141","248/18773",0.19758064516129,1.73245280318211,4.16598542095009,8.29661157163721e-05,0.0036356494887055,0.00321567018809568,"tram1/atp6ap1b/ssr3/wdr83os/rab11a/gripap1/emc3/timm13/tm9sf3/sgta/rnf121/blzf1/sec61b/camk2g2/ccdc47/emc10/get1/emc2/dag1/get4/agk/vti1b/zdhhc24/srp54/vps37c/gphna/tm9sf4/bag6l/emc6/zdhhc12a/rilpl2/mmgt1/sgtb/srp19/agrn/scrib/tomm70a/zdhhc23b/rab8a/rab3gap2/zdhhc21/cnstb/zgc:113278/zgc:110329/vps37a/efcab7/pex3/atad1b/srp72",49
"GO:0045324","late endosome to vacuole transport","11/2141","27/18773",0.407407407407407,3.57228363347,4.79885688707623,9.4323169683981e-05,0.00407254156164953,0.00360209380201828,"vps25/chmp1b/vps28/chmp5b/chmp2bb/tmem50a/stam/ptpn23b/chmp7/chmp2a/vps36",11
"GO:0007041","lysosomal transport","16/2141","51/18773",0.313725490196078,2.75084942898224,4.4920970941282,0.000111376875777166,0.0047391667721994,0.0041917124720407,"arl8ba/ankfy1/rab7a/uevld/vps18/vcp/mcoln1a/sybl1/gnptab/plekhf2/zgc:100918/mvb12a/ap3d1/pikfyve/igf2r/mgrn1a",16
"GO:0048589","developmental growth","68/2141","381/18773",0.178477690288714,1.56495174207848,3.99715260382339,0.000115024866894233,0.00482447156002097,0.00426716310718906,"tmem108/ctsba/mgat5/dspb/gdpd5b/dspa/gars1/fosab/serpinh1b/gna13a/lgmn/tnfrsf1a/mycbp2/klf6a/hspd1/insra/kif1b/npr1a/ist1/slit3/wwc3/akirin1/pigp/tmem59l/dbn1/gna12a/igfbp2a/smad2/pcdh17/llph/cebpd/tax1bp3/nipblb/dvl2/kdm6bb/hapln1b/scfd1/dusp6/atp6v1e1b/hspa9/hdac1/lef1/cnot1/dip2ba/fus/ntn1a/asah1b/myo9aa/pard6gb/htt/fzd2/itga5/slit2/myo9ab/eaf2/wwc1/grnb/dbnlb/fto/vegfc/chd3/lats1/pard3ab/ppp1r12a/smarca4a/chd4a/eaf1/tubb5",68
"GO:0071816","tail-anchored membrane protein insertion into ER membrane","7/2141","12/18773",0.583333333333333,5.11486065701386,5.11574787687265,0.000116889971991682,0.00483364729250111,0.00427527888663424,"emc3/emc10/get1/emc2/bag6l/emc6/mmgt1",7
"GO:0051640","organelle localization","53/2141","280/18773",0.189285714285714,1.65972009074531,3.99049167518876,0.000139806770453857,0.00570100941739617,0.00504244594604774,"npm1a/arl8ba/copg2/seh1l/cdk5/si:ch211-200p22.4/ltv1/lmnb2/rab11a/ap1ar/picalma/bloc1s2/tfg/kif1b/lmnl3/sptlc1/myo5c/llgl2/arcn1b/vps18/lmnb1/arcn1a/diaph2/pef1/stx5a/stxbp2/exoc6/plekhm2/picalmb/syne3/pdzd8/kif13a/uso1/psen2/ndel1b/copb2/znf207b/npm1b/kif13ba/mad1l1/dnm2a/dtnbp1a/vapb/scrib/ap3d1/si:ch211-166a6.5/rab8a/bbs5/kif1aa/si:ch211-161h7.4/cluha/fam91a1/pard3ab",53
"GO:0001666","response to hypoxia","21/2141","79/18773",0.265822784810127,2.33082257787973,4.25279016528941,0.000150908368332399,0.00606941054005376,0.00536829047838542,"hspa5/hyou1/hsp90b1/igfbp1a/atf6/nr3c1/npc1/egln2/hmox1a/camk2g2/eif2ak3/irs2a/arnt2/nrp1b/ndufa9a/tp53/pgk1/ndrg1a/egln1b/ern1/vegfc",21
"GO:0040007","growth","71/2141","406/18773",0.17487684729064,1.53337835319346,3.89825871255817,0.000156451293747355,0.00617275152780719,0.00545969382586417,"tmem108/ctsba/mgat5/dspb/gdpd5b/dspa/gars1/fosab/serpinh1b/gna13a/lgmn/tnfrsf1a/mycbp2/klf6a/hspd1/insra/kif1b/npr1a/ist1/slit3/wwc3/akirin1/pigp/tmem59l/dbn1/gna12a/kazald2/igfbp2a/smad2/lamtor2/pcdh17/llph/cebpd/tax1bp3/nipblb/dvl2/kdm6bb/hapln1b/scfd1/dusp6/atp6v1e1b/hspa9/hdac1/lef1/cnot1/dip2ba/fus/ntn1a/asah1b/myo9aa/pard6gb/htt/fzd2/itga5/slit2/myo9ab/eaf2/wwc1/grnb/dbnlb/fto/vegfc/supv3l1/chd3/lats1/pard3ab/ppp1r12a/smarca4a/chd4a/eaf1/tubb5",71
"GO:0005975","carbohydrate metabolic process","63/2141","350/18773",0.18,1.57829985987856,3.91830556923942,0.000157682685485538,0.00617275152780719,0.00545969382586417,"arpp19a/slc3a2b/mogs/glb1l/galt/gpd1a/atg3/pdk4/man2b2/man2b1/fuca2/si:ch73-91k6.2/pgam1a/enosf1/insra/parga/mpdu1b/tpi1a/pdhb/ndst1b/pkma/gyg1a/nansa/gusb/hyal2b/uxs1/b4galt6/myorg/idh2/b3gat3/si:ch211-226m16.2/renbp/rpe/ppp1cab/gnmt/pdha1a/neu1/gnpda2/idh1/gale/pfkpa/manba/pmm2/gnptab/gys1/gpia/eno1a/chid1/rreb1a/pgk1/hexa/ppp1r3da/nr4a1/kctd10/h6pd/pfklb/edem1/tpi1b/wdr45b/pgls/gpd1l/bpgm/naga",63
"GO:1903311","regulation of mRNA metabolic process","37/2141","176/18773",0.210227272727273,1.84334263937837,4.03301944020524,0.000162413752557541,0.00627429970406499,0.00554951146204228,"igf2bp1/srrm1/cnot6a/dis3l2/hnrnpa0a/zfp36l1a/nbas/srsf2a/upf1/rbm25b/safb/dhx37/ythdf1/mettl14/parn/arglu1b/nsrp1/igf2bp3/rbm15/igf2bp2b/ythdf3/dhx34/patl1/srpk1b/cnot1/ptcd2/tnrc6c2/hnrpkl/tnrc6a/cnot6b/fastkd1/larp1b/rbm15b/dicer1/syncrip/snrpc/tent5ab",37
"GO:0031329","regulation of cellular catabolic process","26/2141","110/18773",0.236363636363636,2.0725149675173,4.04762569774346,0.000216469223883256,0.00825394339378232,0.00730047266329448,"rraga/tmem39a/hspd1/cisd2/dap/etfa/ctns/vcp/wdr41/tmem59/ddrgk1/psen2/timp2a/dram2b/asah1b/ambra1b/sesn1/ap3d1/snx4/stk35l/pnpla2/scocb/keap1a/depdc5/phf23b/cpt1ab",26
"GO:0098876","vesicle-mediated transport to the plasma membrane","22/2141","87/18773",0.252873563218391,2.21727949663655,4.08303524981905,0.000233012777047784,0.00873032026524358,0.00772181991049616,"snx7/rab11a/snx17/gripap1/vps35l/llgl2/blzf1/arhgap1/exoc6/wash1/ptpn23b/snx12/rab11fip3/hgs/snx3/snx27b/scrib/rab8b/rab8a/cnstb/exoc8/exoc2",22
"GO:0032456","endocytic recycling","16/2141","54/18773",0.296296296296296,2.59802446070545,4.2192022954536,0.000234909843649265,0.00873032026524358,0.00772181991049616,"snx7/rab11a/snx17/gripap1/vps35l/arhgap1/wash1/ptpn23b/snx12/rab11fip3/hgs/snx3/snx27b/scrib/rab8b/rab8a",16
"GO:0048514","blood vessel morphogenesis","76/2141","448/18773",0.169642857142857,1.48748498698872,3.74687865935124,0.000249251638938826,0.0091475351490549,0.0080908393850274,"nus1/abca1a/plekhg5b/rtn4a/pdcd10a/sema3ab/rab11a/notch1a/tars1/hdac9b/insra/mtdhb/tmem33/elmo1/kdr/ndst1b/ppih/pkma/myo6a/fktn/igfbp2a/wnk1b/hars/stag2b/rnf213a/uxt/hs6st2/ppp1cab/egfl6/hapln1b/amotl2a/iqsec1b/snx5/ctsz/trim33l/serpinf1/naa35/ppp2r2ab/tie1/drosha/ntn1a/amot/hoxc9a/efnb2a/nfkb2/nrp1b/itga5/vash2/tp53/tspan18a/fermt2/ell/jak2a/angptl4/pald1a/sars1/kctd10/spred1/dll4/fbn2b/e2f8/arhgef9b/wnt2bb/arhgef7b/nrarpa/sdc2/vegfc/htatip2/ralbb/nrxn3a/slc2a1b/f3a/pard3ab/spns2/per2/ephb4b",76
"GO:0032446","protein modification by small protein conjugation","79/2141","472/18773",0.167372881355932,1.46758108439744,3.69132165854702,0.00029324938744777,0.0105266018240863,0.0093106004230679,"ufc1/cul3a/rnf169/fbxo9/kctd6b/nedd8l/rnf144ab/fbxl14a/socs3a/mycbp2/hectd1/mylipa/ubb/dtx2/ube2a/fzr1b/zmiz1a/tnfaip1/ufm1/asb8/ankib1a/vcp/ube2na/pef1/ddrgk1/ube2d2l/socs3b/rnf213a/trip12/rnf170/spsb3a/wsb1/trim3b/ube2al/fem1c/rnf146/cul3b/zbtb16a/klhl20/zgc:66427/cul4b/rnf19a/trim33l/nedd4l/shrprbck1r/ndfip1l/prpf19/anapc13/ubr5/ube4b/ube2l3b/ambra1b/ddb1/fbxl7/trim71/rnf41/cdc27/ube2z/ppil2/kctd10/uba5/dcaf15/znrf2a/mgrn1a/keap1a/anapc10/rnf6/phf23b/dcun1d4/klhl22/rad18/rnf144b/ube2ia/cbx4/hecw2b/ttc3/rnf144aa/ube2ib/rnf14",79
"GO:0009060","aerobic respiration","25/2141","106/18773",0.235849056603774,2.06800296105681,3.95621143534235,0.000293999097266716,0.0105266018240863,0.0093106004230679,"aco2/sdhdb/ndufb8/ndufv1/sdhb/cox5ab/sdhaf2/sdhc/cln5/atp5if1b/ogdha/cyc1/dlst/idh2/uqcc2/atp5if1a/ndufs7/ndufb9/idh3b/uqcrfs1/idh1/ndufv3/pgk1/ndufb6/tefm",25
"GO:0035329","hippo signaling","11/2141","31/18773",0.354838709677419,3.11134380979645,4.22107635027471,0.00039750801569194,0.0140612473984523,0.0124369343654029,"mob1ba/wwc3/frmd6/amotl2a/si:dkey-6n21.12/nf2b/schip1/amot/tead1a/wwc1/lats1",11
"GO:0006402","mRNA catabolic process","33/2141","158/18773",0.208860759493671,1.8313605969055,3.76511138216159,0.000403931210232778,0.0141183575386123,0.0124874473138379,"rida/igf2bp1/edc3/cnot6a/dis3l2/exosc8/hnrnpa0a/zfp36l1a/nbas/upf1/lsm7/ythdf1/snd1/mettl14/parn/igf2bp3/igf2bp2b/ythdf3/upf3b/dhx34/cnot10/patl1/edc4/cnot1/tnrc6c2/tnrc6a/cnot6b/fastkd1/larp1b/dicer1/syncrip/supv3l1/tent5ab",33
"GO:0000375","RNA splicing, via transesterification reactions","45/2141","238/18773",0.189075630252101,1.65787800407412,3.66461974921837,0.000439367761863134,0.0148273994118409,0.0131145828011658,"sf3b1/srrm1/hnrnpul1/prpf40a/rbm4.2/srsf2a/rbm25b/dhx37/lsm7/sf3b2/zgc:77262/syf2/prpf4ba/srsf1b/mettl14/arglu1b/nsrp1/rbm15/txnl4a/sf3a2/srpk1b/prpf8/snrpd1/prpf19/paxbp1/ddx23/u2af2a/sde2/srsf7a/si:ch211-107m4.1/hnrnpa1a/srsf1a/usp39/prpf18/sf3a3/hnrpkl/khdc4/wdr83/zrsr2/u2af2b/prpf38b/rbm15b/snrpc/tfip11/rbm6",45
"GO:0000377","RNA splicing, via transesterification reactions with bulged adenosine as nucleophile","45/2141","238/18773",0.189075630252101,1.65787800407412,3.66461974921837,0.000439367761863134,0.0148273994118409,0.0131145828011658,"sf3b1/srrm1/hnrnpul1/prpf40a/rbm4.2/srsf2a/rbm25b/dhx37/lsm7/sf3b2/zgc:77262/syf2/prpf4ba/srsf1b/mettl14/arglu1b/nsrp1/rbm15/txnl4a/sf3a2/srpk1b/prpf8/snrpd1/prpf19/paxbp1/ddx23/u2af2a/sde2/srsf7a/si:ch211-107m4.1/hnrnpa1a/srsf1a/usp39/prpf18/sf3a3/hnrpkl/khdc4/wdr83/zrsr2/u2af2b/prpf38b/rbm15b/snrpc/tfip11/rbm6",45
"GO:0000398","mRNA splicing, via spliceosome","45/2141","238/18773",0.189075630252101,1.65787800407412,3.66461974921837,0.000439367761863134,0.0148273994118409,0.0131145828011658,"sf3b1/srrm1/hnrnpul1/prpf40a/rbm4.2/srsf2a/rbm25b/dhx37/lsm7/sf3b2/zgc:77262/syf2/prpf4ba/srsf1b/mettl14/arglu1b/nsrp1/rbm15/txnl4a/sf3a2/srpk1b/prpf8/snrpd1/prpf19/paxbp1/ddx23/u2af2a/sde2/srsf7a/si:ch211-107m4.1/hnrnpa1a/srsf1a/usp39/prpf18/sf3a3/hnrpkl/khdc4/wdr83/zrsr2/u2af2b/prpf38b/rbm15b/snrpc/tfip11/rbm6",45
"GO:0006413","translational initiation","23/2141","97/18773",0.237113402061856,2.07908916249753,3.82289732216848,0.000464994653599656,0.015513912533734,0.0137217919907937,"eif4bb/eif2s1b/eif2b2/eif3jb/eif2s1a/eif4h/eif2ak3/eif2s2/eif1axb/dhx29/eif2a/eif4g1a/eif4a1b/eif5/eif4e2rs1/eif4g2a/stk35l/eif4g3b/eif1axa/eif1ad/mcts1/eif2b3/eif4g2b",23
"GO:0006099","tricarboxylic acid cycle","10/2141","27/18773",0.37037037037037,3.24753057588181,4.19299700960083,0.000490961311035329,0.0161962068449407,0.0143252697140645,"aco2/sdhdb/sdhb/sdhaf2/sdhc/ogdha/dlst/idh2/idh3b/idh1",10
"GO:0090504","epiboly","20/2141","80/18773",0.25,2.19208313872022,3.83357005461894,0.000516347608157996,0.0168444064172431,0.0148985912201845,"ezrb/ctsba/lta4h/gna13a/rnf111/cfl1/npc1/cyth1b/gna12a/megf8/diaph2/rab5ab/mapkapk2a/dsc2l/fdx1/fzd10/arhgef7b/sdc2/arhgap24/rhoca",20
"GO:0048754","branching morphogenesis of an epithelial tube","9/2141","23/18773",0.391304347826087,3.43108665190992,4.18557462136129,0.000587531359602072,0.0187499138238227,0.0165839801388823,"sema3ab/tars1/hs6st2/ntn1a/sars1/dll4/nrarpa/vegfc/spns2",9
"GO:1904263","positive regulation of TORC1 signaling","9/2141","23/18773",0.391304347826087,3.43108665190992,4.18557462136129,0.000587531359602072,0.0187499138238227,0.0165839801388823,"lamtor3/rraga/lamtor5/seh1l/otud5a/lamtor2/otud5b/lamtor4/klhl22",9
"GO:0001525","angiogenesis","62/2141","360/18773",0.172222222222222,1.51010171778504,3.50620357395437,0.000596377342344623,0.0188275685712238,0.0166526644432845,"nus1/abca1a/plekhg5b/rtn4a/pdcd10a/sema3ab/rab11a/notch1a/tars1/hdac9b/insra/mtdhb/tmem33/elmo1/kdr/ppih/pkma/igfbp2a/wnk1b/hars/rnf213a/uxt/hs6st2/ppp1cab/egfl6/hapln1b/amotl2a/iqsec1b/ctsz/trim33l/serpinf1/tie1/drosha/ntn1a/amot/efnb2a/nfkb2/nrp1b/itga5/vash2/tp53/tspan18a/fermt2/pald1a/sars1/kctd10/dll4/e2f8/arhgef9b/wnt2bb/arhgef7b/nrarpa/sdc2/vegfc/htatip2/ralbb/nrxn3a/slc2a1b/f3a/spns2/per2/ephb4b",62
"GO:0051246","regulation of protein metabolic process","74/2141","448/18773",0.165178571428571,1.44834064522586,3.44600970399815,0.00066137686549101,0.0204552927658964,0.0180923588317318,"trib3/rida/igf2bp1/cpeb4b/serpinh1b/lamtor5/edn1/nedd8l/prkar1aa/dap/ccdc22/cnot11/rnf121/diablob/fzr1b/oaz2a/ccny/fktn/vcp/eif2ak3/rabl3/pef1/uqcc2/eif1axb/dhx29/psmd2/prrc1/oaz1a/rhbdf1a/serbp1b/igf2bp3/rcc1l/trim3b/nub1/eif2a/pxylp1/baxb/upf3b/serpinh1a/cnot10/bag6l/mknk1/axin2/usp14/serpinf1/ndfip1l/timp2a/chac1/cnot1/dip2ba/psmd3/nck1a/crppa/serpine3/tarbp2/cpeb4a/fyna/tnrc6c2/tp53/eefsec/pycard/stk35l/tnrc6a/ago4/larp1b/phf23b/dcun1d4/lxn/c4/rmnd1/zfyve28/gtdc1/cnbpb/ptcd3",74
"GO:0032511","late endosome to vacuole transport via multivesicular body sorting pathway","8/2141","19/18773",0.421052631578947,3.69192949679196,4.21196636245081,0.000668412701906999,0.0204552927658964,0.0180923588317318,"vps25/vps28/chmp5b/tmem50a/stam/ptpn23b/chmp7/vps36",8
"GO:0030111","regulation of Wnt signaling pathway","36/2141","182/18773",0.197802197802198,1.734395450416,3.57195241423921,0.000668837910601517,0.0204552927658964,0.0180923588317318,"sost/dkk2/atp6ap2/ugdh/tmem88a/zgc:113363/bcl9/otud5a/ccny/dmxl2/csnk1g2a/rnf213a/otud5b/gpx4b/nkd1/nipblb/dvl2/rnf146/gid8b/axin2/ppm1bb/zgc:162025/ctnnbip1/sostdc1a/ubr5/csnk1g1/tmem88b/rab8b/gskip/eaf2/tle3b/jupa/fto/lmbr1l/eaf1/rnf14",36
"GO:0006614","SRP-dependent cotranslational protein targeting to membrane","7/2141","15/18773",0.466666666666667,4.09188852561109,4.29801136536956,0.000695981774981087,0.0208510458300456,0.0184423956914967,"tram1/ssr3/sec61b/srp54/srp19/zgc:113278/srp72",7
"GO:0048640","negative regulation of developmental growth","7/2141","15/18773",0.466666666666667,4.09188852561109,4.29801136536956,0.000695981774981087,0.0208510458300456,0.0184423956914967,"slit3/wwc3/igfbp2a/dusp6/dip2ba/slit2/wwc1",7
"GO:0170036","import into the mitochondrion","13/2141","43/18773",0.302325581395349,2.65089123752213,3.88843792058521,0.000716763281109177,0.0212567373064297,0.0188012229079887,"timm17a/mcu/slc25a33/tomm40l/slc25a36a/dnajc15/dnajc19/grpel1/micu1/tomm70a/sfxn1/sfxn2/smdt1b",13
"GO:0019318","hexose metabolic process","22/2141","94/18773",0.234042553191489,2.05216293837638,3.6691163527166,0.000738704693736317,0.0216883698080983,0.0191829945204999,"arpp19a/glb1l/galt/pdk4/man2b2/man2b1/fuca2/insra/tpi1a/pdhb/gnmt/pdha1a/gale/pfkpa/pmm2/gpia/rreb1a/pgk1/nr4a1/h6pd/pfklb/tpi1b",22
"GO:0055113","epiboly involved in gastrulation with mouth forming second","15/2141","54/18773",0.277777777777778,2.43564793191136,3.79048581465995,0.000778065579890291,0.0226178271540386,0.0200050837476743,"lta4h/gna13a/rnf111/cfl1/npc1/cyth1b/gna12a/megf8/diaph2/rab5ab/mapkapk2a/dsc2l/fdx1/arhgef7b/sdc2",15
"GO:0006401","RNA catabolic process","35/2141","177/18773",0.19774011299435,1.73385107017419,3.51946106107876,0.000792645028351738,0.0228157431690265,0.0201801370995226,"rnaset2/rida/igf2bp1/edc3/cnot6a/dis3l2/exosc8/hnrnpa0a/zfp36l1a/nbas/upf1/lsm7/ythdf1/snd1/mettl14/parn/igf2bp3/igf2bp2b/ythdf3/upf3b/dhx34/cnot10/patl1/edc4/cnot1/tnrc6c2/wdr82/tnrc6a/cnot6b/fastkd1/larp1b/dicer1/syncrip/supv3l1/tent5ab",35
"GO:0051656","establishment of organelle localization","40/2141","211/18773",0.18957345971564,1.66224313836605,3.47086465546092,0.000839965598538099,0.0239430970612413,0.0211772624587991,"npm1a/copg2/seh1l/cdk5/si:ch211-200p22.4/ltv1/lmnb2/rab11a/ap1ar/picalma/tfg/kif1b/lmnl3/sptlc1/myo5c/llgl2/lmnb1/diaph2/pef1/stxbp2/exoc6/picalmb/syne3/kif13a/psen2/ndel1b/znf207b/npm1b/kif13ba/mad1l1/dnm2a/dtnbp1a/scrib/ap3d1/rab8a/bbs5/kif1aa/si:ch211-161h7.4/fam91a1/pard3ab",40
"GO:0061013","regulation of mRNA catabolic process","24/2141","108/18773",0.222222222222222,1.94851834552909,3.54678598724393,0.00095826822108203,0.0270526490105465,0.02392760831386,"igf2bp1/cnot6a/dis3l2/hnrnpa0a/zfp36l1a/nbas/upf1/ythdf1/mettl14/parn/igf2bp3/igf2bp2b/ythdf3/dhx34/patl1/cnot1/tnrc6c2/tnrc6a/cnot6b/fastkd1/larp1b/dicer1/syncrip/tent5ab",24
"GO:0005996","monosaccharide metabolic process","23/2141","102/18773",0.225490196078431,1.97717302708099,3.55041512728018,0.000980852109773847,0.0274264932790097,0.0242582672161612,"arpp19a/glb1l/galt/pdk4/man2b2/man2b1/fuca2/insra/tpi1a/pdhb/uxs1/gnmt/pdha1a/gale/pfkpa/pmm2/gpia/rreb1a/pgk1/nr4a1/h6pd/pfklb/tpi1b",23
"GO:0010506","regulation of autophagy","22/2141","96/18773",0.229166666666667,2.00940954382687,3.55746660557688,0.000997104826618266,0.027529986851728,0.0243498055224483,"rraga/tmem39a/hspd1/cisd2/dap/ctns/vcp/wdr41/tmem59/ddrgk1/psen2/dram2b/asah1b/ambra1b/sesn1/ap3d1/snx4/stk35l/scocb/keap1a/depdc5/phf23b",22
"GO:0018279","protein N-linked glycosylation via asparagine","8/2141","20/18773",0.4,3.50733302195236,4.02515871604975,0.00100330674153096,0.027529986851728,0.0243498055224483,"ddost/dpm1/alg12/rpn1/uggt1/tusc3/zgc:92907/alg6",8
"GO:0080135","regulation of cellular response to stress","25/2141","115/18773",0.217391304347826,1.90615925106106,3.49713399269414,0.00106286755790272,0.028894251388911,0.0255564743211112,"hyou1/insig1/rnf169/eef1e1/socs3a/actr2a/il6st/parga/babam1/rnf121/eya3/babam2/ddrgk1/sfpq/usp14/prpf19/sigmar1/nck1a/ptpn1/tp53/trappc11/ndrg1a/mia3/map2k2b/actr2b",25
"GO:0006613","cotranslational protein targeting to membrane","7/2141","16/18773",0.4375,3.83614549276039,4.07191005776244,0.00111598702053902,0.0297867081118416,0.0263458371260265,"tram1/ssr3/sec61b/srp54/srp19/zgc:113278/srp72",7
"GO:0043162","ubiquitin-dependent protein catabolic process via the multivesicular body sorting pathway","7/2141","16/18773",0.4375,3.83614549276039,4.07191005776244,0.00111598702053902,0.0297867081118416,0.0263458371260265,"vps25/vps28/stam/vps37c/ptpn23b/vps36/vps37a",7
"GO:0008380","RNA splicing","55/2141","320/18773",0.171875,1.50705715787015,3.28238700325467,0.0012330937483758,0.0326158850921743,0.0288481960857572,"sf3b1/srrm1/hnrnpul1/prpf40a/rbm47/rbm4.2/srsf2a/rbm25b/dhx37/lsm7/sf3b2/zgc:77262/hnrnpl/syf2/prpf4ba/srsf1b/mettl14/arglu1b/nsrp1/rbm15/txnl4a/sf3a2/tsen34/srpk1b/prpf8/snrpd1/prpf19/paxbp1/ddx23/thoc1/u2af2a/sde2/mbnl2/srsf7a/si:ch211-107m4.1/hnrnpa1a/srsf1a/rbm12/usp39/prpf18/sf3a3/thoc6/hnrpkl/khdc4/wdr83/acin1a/zrsr2/znf326/u2af2b/prpf38b/rbm15b/thoc7/snrpc/tfip11/rbm6",55
"GO:0045333","cellular respiration","27/2141","129/18773",0.209302325581395,1.83523239520763,3.41526184886027,0.00125647518390959,0.0329375994639156,0.0291327469803097,"aco2/sdhdb/ndufb8/ndufv1/sdhb/cox5ab/sdhaf2/sdhc/cln5/atp5if1b/ogdha/cyc1/dlst/idh2/uqcc2/atp5if1a/ndufs7/ndufb9/idh3b/uqcrfs1/idh1/sigmar1/ndufv3/pgk1/ndufb6/etfdh/tefm",27
"GO:0009896","positive regulation of catabolic process","29/2141","142/18773",0.204225352112676,1.79071580346159,3.39342204093039,0.00127215173390102,0.0330534291215345,0.0292351963440505,"trib3/cnot6a/dis3l2/zfp36l1a/upf1/ccdc22/fzr1b/oaz2a/tmem59/ythdf1/ddrgk1/mettl14/oaz1a/parn/ythdf3/patl1/axin2/cnot1/ambra1b/tnrc6c2/sesn1/snx4/tnrc6a/cnot6b/pnpla2/scocb/depdc5/dicer1/supv3l1",29
"GO:0061138","morphogenesis of a branching epithelium","9/2141","26/18773",0.346153846153846,3.035192038228,3.72578292076167,0.00163579883423606,0.0417626554549311,0.0369383590303008,"sema3ab/tars1/hs6st2/ntn1a/sars1/dll4/nrarpa/vegfc/spns2",9
"GO:0071453","cellular response to oxygen levels","9/2141","26/18773",0.346153846153846,3.035192038228,3.72578292076167,0.00163579883423606,0.0417626554549311,0.0369383590303008,"hyou1/atp6v0d1/nr3c1/egln2/arnt2/cpeb4a/tp53/ndrg1a/egln1b",9
"GO:0001702","gastrulation with mouth forming second","16/2141","64/18773",0.25,2.19208313872022,3.42738280009905,0.00180636826639479,0.0457198037080613,0.0404383894119415,"lta4h/gna13a/rnf111/cfl1/npc1/cyth1b/gna12a/megf8/diaph2/rab5ab/mapkapk2a/fyna/dsc2l/fdx1/arhgef7b/sdc2",16
"GO:0046034","ATP metabolic process","20/2141","88/18773",0.227272727272727,1.99280285338202,3.34926236902722,0.00184236897454083,0.0462324385406143,0.0408918062095567,"atp6v1ba/atp5mc1/atp6v1ab/atp6v1aa/pgam1a/insra/atp5pf/tpi1a/pkma/atp5if1b/atp5mc3a/dlst/atp5if1a/pfkpa/gpia/eno1a/pgk1/pfklb/tpi1b/bpgm",20
"GO:0009895","negative regulation of catabolic process","18/2141","76/18773",0.236842105263158,2.07671034194548,3.37451283952591,0.00187160381890823,0.0465680407823268,0.0411886406890865,"igf2bp1/rraga/tmem39a/edn1/hnrnpa0a/nbas/dap/igf2bp3/igf2bp2b/dhx34/bag6l/usp14/timp2a/ap3d1/larp1b/phf23b/syncrip/tent5ab",18
"GO:0016567","protein ubiquitination","69/2141","429/18773",0.160839160839161,1.41029125008574,3.08436132430312,0.00199435479975262,0.0492052579165857,0.0435212144271536,"cul3a/rnf169/fbxo9/kctd6b/rnf144ab/fbxl14a/socs3a/mycbp2/hectd1/mylipa/ubb/dtx2/ube2a/fzr1b/tnfaip1/asb8/ankib1a/vcp/ube2na/pef1/ube2d2l/socs3b/rnf213a/trip12/rnf170/spsb3a/wsb1/trim3b/ube2al/fem1c/rnf146/cul3b/zbtb16a/klhl20/zgc:66427/cul4b/rnf19a/trim33l/nedd4l/shrprbck1r/ndfip1l/prpf19/anapc13/ubr5/ube4b/ube2l3b/ambra1b/ddb1/fbxl7/trim71/rnf41/cdc27/ube2z/ppil2/kctd10/dcaf15/znrf2a/mgrn1a/keap1a/anapc10/rnf6/phf23b/klhl22/rad18/rnf144b/hecw2b/ttc3/rnf144aa/rnf14",69
