"score",".y.","p","p.adj","p.format","p.signif","method","L3_celltype","group1","group2","sig_sign"
"hippo_1","score",1.1225365103217e-52,1.1e-52,"<2e-16","****","Kruskal-Wallis",NA,NA,NA,NA
"hippo_1","score",2.58844019032056e-07,5.2e-07,"2.6e-07","****","Wilcoxon","mVEC","yap1_mutant","wildtype","****"
"hippo_1","score",4.5281653004592e-26,1.8e-25,"< 2e-16","****","Wilcoxon","preLEC","yap1_mutant","wildtype","****"
"hippo_1","score",1.38755176070336e-08,4.2e-08,"1.4e-08","****","Wilcoxon","LEC","yap1_mutant","wildtype","****"
"hippo_1","score",3.09780809417783e-30,1.5e-29,"< 2e-16","****","Wilcoxon","hmVEC","yap1_mutant","wildtype","****"
"hippo_1","score",0.000832922220698071,0.00083,"0.00083","***","Wilcoxon","cVEC","yap1_mutant","wildtype","***"
"mapk_1","score",0.63541010832806,0.64,"0.64","ns","Kruskal-Wallis",NA,NA,NA,NA
"mapk_1","score",0.301607419884963,0.6,"0.302","ns","Wilcoxon","mVEC","yap1_mutant","wildtype","ns"
"mapk_1","score",0.0693382347829199,0.28,"0.069","ns","Wilcoxon","preLEC","yap1_mutant","wildtype","ns"
"mapk_1","score",0.119912773917711,0.36,"0.120","ns","Wilcoxon","LEC","yap1_mutant","wildtype","ns"
"mapk_1","score",0.0347070056653561,0.17,"0.035","*","Wilcoxon","hmVEC","yap1_mutant","wildtype","ns"
"mapk_1","score",0.985702197481879,0.99,"0.986","ns","Wilcoxon","cVEC","yap1_mutant","wildtype","ns"
"wnt_1","score",0.95528275602955,0.96,"0.96","ns","Kruskal-Wallis",NA,NA,NA,NA
"wnt_1","score",0.178244351990026,0.71,"0.178","ns","Wilcoxon","mVEC","yap1_mutant","wildtype","ns"
"wnt_1","score",0.734735710478044,1,"0.735","ns","Wilcoxon","preLEC","yap1_mutant","wildtype","ns"
"wnt_1","score",0.898766325994314,1,"0.899","ns","Wilcoxon","LEC","yap1_mutant","wildtype","ns"
"wnt_1","score",0.0368297713165901,0.18,"0.037","*","Wilcoxon","hmVEC","yap1_mutant","wildtype","ns"
"wnt_1","score",0.810683682102982,1,"0.811","ns","Wilcoxon","cVEC","yap1_mutant","wildtype","ns"
"ap1_1","score",0.171714501445383,0.17,"0.17","ns","Kruskal-Wallis",NA,NA,NA,NA
"ap1_1","score",0.405620086305636,0.81,"0.4056","ns","Wilcoxon","mVEC","yap1_mutant","wildtype","ns"
"ap1_1","score",0.0700679699945825,0.28,"0.0701","ns","Wilcoxon","preLEC","yap1_mutant","wildtype","ns"
"ap1_1","score",0.483077216721431,0.81,"0.4831","ns","Wilcoxon","LEC","yap1_mutant","wildtype","ns"
"ap1_1","score",0.148523820613846,0.45,"0.1485","ns","Wilcoxon","hmVEC","yap1_mutant","wildtype","ns"
"ap1_1","score",0.00191212956313494,0.0096,"0.0019","**","Wilcoxon","cVEC","yap1_mutant","wildtype","**"
"EMBO_LEC_score_1","score",0.000397892648990745,4e-04,"4e-04","***","Kruskal-Wallis",NA,NA,NA,NA
"EMBO_LEC_score_1","score",0.00371647785033202,0.011,"0.0037","**","Wilcoxon","mVEC","yap1_mutant","wildtype","*"
"EMBO_LEC_score_1","score",1.15947793450181e-06,5.8e-06,"1.2e-06","****","Wilcoxon","preLEC","yap1_mutant","wildtype","****"
"EMBO_LEC_score_1","score",0.44502656474751,0.51,"0.4450","ns","Wilcoxon","LEC","yap1_mutant","wildtype","ns"
"EMBO_LEC_score_1","score",2.38822321552922e-05,9.6e-05,"2.4e-05","****","Wilcoxon","hmVEC","yap1_mutant","wildtype","****"
"EMBO_LEC_score_1","score",0.25421238260067,0.51,"0.2542","ns","Wilcoxon","cVEC","yap1_mutant","wildtype","ns"
"LEC_dev_score_1","score",1.26381312670371e-40,1.3e-40,"<2e-16","****","Kruskal-Wallis",NA,NA,NA,NA
"LEC_dev_score_1","score",1.09865716556541e-18,3.3e-18,"< 2e-16","****","Wilcoxon","mVEC","yap1_mutant","wildtype","****"
"LEC_dev_score_1","score",8.10137613771156e-25,4.1e-24,"< 2e-16","****","Wilcoxon","preLEC","yap1_mutant","wildtype","****"
"LEC_dev_score_1","score",0.608811211078057,0.61,"0.60881","ns","Wilcoxon","LEC","yap1_mutant","wildtype","ns"
"LEC_dev_score_1","score",1.24189568367013e-23,5e-23,"< 2e-16","****","Wilcoxon","hmVEC","yap1_mutant","wildtype","****"
"LEC_dev_score_1","score",0.000332930960587261,0.00067,"0.00033","***","Wilcoxon","cVEC","yap1_mutant","wildtype","***"
"EMBO_VEC_score_1","score",4.34174118567982e-17,4.3e-17,"<2e-16","****","Kruskal-Wallis",NA,NA,NA,NA
"EMBO_VEC_score_1","score",0.00126742220376603,0.0038,"0.0013","**","Wilcoxon","mVEC","yap1_mutant","wildtype","**"
"EMBO_VEC_score_1","score",1.81763709068298e-05,7.3e-05,"1.8e-05","****","Wilcoxon","preLEC","yap1_mutant","wildtype","****"
"EMBO_VEC_score_1","score",0.47768184426434,0.96,"0.4777","ns","Wilcoxon","LEC","yap1_mutant","wildtype","ns"
"EMBO_VEC_score_1","score",1.6437055869246e-08,8.2e-08,"1.6e-08","****","Wilcoxon","hmVEC","yap1_mutant","wildtype","****"
"EMBO_VEC_score_1","score",0.662707972491442,0.96,"0.6627","ns","Wilcoxon","cVEC","yap1_mutant","wildtype","ns"
"EMBO_transient_score","score",7.71305850204779e-09,7.7e-09,"7.7e-09","****","Kruskal-Wallis",NA,NA,NA,NA
"EMBO_transient_score","score",0.247341251265278,0.74,"0.247","ns","Wilcoxon","mVEC","yap1_mutant","wildtype","ns"
"EMBO_transient_score","score",0.121089440086253,0.48,"0.121","ns","Wilcoxon","preLEC","yap1_mutant","wildtype","ns"
"EMBO_transient_score","score",0.980227967457725,0.98,"0.980","ns","Wilcoxon","LEC","yap1_mutant","wildtype","ns"
"EMBO_transient_score","score",0.0185437466908444,0.093,"0.019","*","Wilcoxon","hmVEC","yap1_mutant","wildtype","ns"
"EMBO_transient_score","score",0.251619346786397,0.74,"0.252","ns","Wilcoxon","cVEC","yap1_mutant","wildtype","ns"
"EMBO_dev_transient_score","score",3.96310396394282e-15,4e-15,"4e-15","****","Kruskal-Wallis",NA,NA,NA,NA
"EMBO_dev_transient_score","score",0.00496814838878854,0.015,"0.0050","**","Wilcoxon","mVEC","yap1_mutant","wildtype","*"
"EMBO_dev_transient_score","score",0.000199226763014143,8e-04,"0.0002","***","Wilcoxon","preLEC","yap1_mutant","wildtype","***"
"EMBO_dev_transient_score","score",0.321930725961091,0.64,"0.3219","ns","Wilcoxon","LEC","yap1_mutant","wildtype","ns"
"EMBO_dev_transient_score","score",2.47999014993901e-07,1.2e-06,"2.5e-07","****","Wilcoxon","hmVEC","yap1_mutant","wildtype","****"
"EMBO_dev_transient_score","score",0.669640290871087,0.67,"0.6696","ns","Wilcoxon","cVEC","yap1_mutant","wildtype","ns"
